Model,AUROC,AUPRC,F1,Sensitivity,Specificity,PPV,Threshold
MEWS (Rule-based),0.9987,0.9913,0.9224,1.0,0.9592,0.856,0.25
Logistic Regression,0.7605,0.3459,0.5423,0.9579,0.6183,0.3782,0.656
Random Forest,1.0,1.0,1.0,1.0,1.0,1.0,0.53
LightGBM,1.0,1.0,1.0,1.0,1.0,1.0,0.576
BiLSTM + Attention,1.0,1.0,1.0,1.0,1.0,1.0,0.9710000157356262
XGBoost-Only,1.0,1.0,1.0,1.0,1.0,1.0,0.8410000205039978
HybXAI-Sepsis v3 (Proposed),0.9695,0.8701,0.844,0.9673,0.9213,0.7486,0.34200000762939453
